-- phpMyAdmin SQL Dump
-- version 5.2.1
-- https://www.phpmyadmin.net/
--
-- Máy chủ: 127.0.0.1
-- Thời gian đã tạo: Th4 15, 2025 lúc 12:58 PM
-- Phiên bản máy phục vụ: 10.4.32-MariaDB
-- Phiên bản PHP: 8.2.12

SET SQL_MODE = "NO_AUTO_VALUE_ON_ZERO";
START TRANSACTION;
SET time_zone = "+00:00";


/*!40101 SET @OLD_CHARACTER_SET_CLIENT=@@CHARACTER_SET_CLIENT */;
/*!40101 SET @OLD_CHARACTER_SET_RESULTS=@@CHARACTER_SET_RESULTS */;
/*!40101 SET @OLD_COLLATION_CONNECTION=@@COLLATION_CONNECTION */;
/*!40101 SET NAMES utf8mb4 */;

--
-- Cơ sở dữ liệu: `ct263`
--

-- --------------------------------------------------------

--
-- Cấu trúc bảng cho bảng `ban`
--

CREATE TABLE `ban` (
  `MABAN` varchar(5) NOT NULL,
  `STT` decimal(2,0) DEFAULT NULL
) ENGINE=InnoDB DEFAULT CHARSET=utf8 COLLATE=utf8_vietnamese_ci;

--
-- Đang đổ dữ liệu cho bảng `ban`
--

INSERT INTO `ban` (`MABAN`, `STT`) VALUES
('B0001', 1),
('B0002', 2),
('B0003', 3),
('B0004', 4),
('B0005', 5),
('B0006', 6),
('B0007', 7),
('B0008', 8),
('B0009', 9),
('B0010', 10);

-- --------------------------------------------------------

--
-- Cấu trúc bảng cho bảng `buoi`
--

CREATE TABLE `buoi` (
  `MABUOI` char(5) NOT NULL,
  `TENBUOI` varchar(50) DEFAULT NULL
) ENGINE=InnoDB DEFAULT CHARSET=utf8 COLLATE=utf8_vietnamese_ci;

--
-- Đang đổ dữ liệu cho bảng `buoi`
--

INSERT INTO `buoi` (`MABUOI`, `TENBUOI`) VALUES
('B0001', 'Cả ngày'),
('B0002', 'Sáng'),
('B0003', 'Trưa'),
('B0004', 'Tối');

-- --------------------------------------------------------

--
-- Cấu trúc bảng cho bảng `chitiethoadon`
--

CREATE TABLE `chitiethoadon` (
  `MAHD` varchar(5) DEFAULT NULL,
  `MAMON` varchar(5) DEFAULT NULL,
  `SOLUONG` decimal(2,0) DEFAULT NULL
) ENGINE=InnoDB DEFAULT CHARSET=utf8 COLLATE=utf8_vietnamese_ci;

--
-- Đang đổ dữ liệu cho bảng `chitiethoadon`
--

INSERT INTO `chitiethoadon` (`MAHD`, `MAMON`, `SOLUONG`) VALUES
('HD001', 'M0012', 1),
('HD001', 'M0001', 1),
('HD002', 'M0012', 1),
('HD002', 'M0001', 3),
('HD002', 'M0004', 1),
('HD003', 'M0001', 2),
('HD003', 'M0002', 1),
('HD004', 'M0001', 1),
('HD005', 'M0001', 2),
('HD005', 'M0012', 2),
('HD005', 'M0019', 2),
('HD005', 'M0004', 3),
('HD005', 'M0008', 2),
('HD005', 'M0013', 2),
('HD005', 'M0018', 3),
('HD006', 'M0001', 4),
('HD008', 'M0001', 3),
('HD008', 'M0004', 1),
('HD008', 'M0012', 3),
('HD015', 'M0001', 3);

-- --------------------------------------------------------

--
-- Cấu trúc bảng cho bảng `hoadon`
--

CREATE TABLE `hoadon` (
  `MAHD` varchar(5) NOT NULL,
  `MANV` varchar(5) DEFAULT NULL,
  `MABAN` varchar(5) DEFAULT NULL,
  `MAKH` varchar(5) DEFAULT NULL,
  `TONGTIEN` float DEFAULT NULL,
  `HD_DATE` date DEFAULT NULL,
  `HD_TRANGTHAI` varchar(15) DEFAULT NULL
) ENGINE=InnoDB DEFAULT CHARSET=utf8 COLLATE=utf8_vietnamese_ci;

--
-- Đang đổ dữ liệu cho bảng `hoadon`
--

INSERT INTO `hoadon` (`MAHD`, `MANV`, `MABAN`, `MAKH`, `TONGTIEN`, `HD_DATE`, `HD_TRANGTHAI`) VALUES
('HD001', 'NV001', 'B0002', 'KH001', 40000, '2025-04-08', 'Đã thanh toán'),
('HD002', 'NV001', 'B0002', 'KH001', 115000, '2025-04-08', 'Đã thanh toán'),
('HD003', 'NV001', 'B0002', 'KH001', 65000, '2025-04-12', 'Đã thanh toán'),
('HD004', 'NV001', 'B0001', 'KH001', 20000, '2025-04-12', 'Đã thanh toán'),
('HD005', 'NV001', 'B0001', 'KH001', 357000, '2025-04-12', 'Đã thanh toán'),
('HD006', 'NV001', 'B0001', 'KH001', 80000, '2025-04-12', 'Đã thanh toán'),
('HD007', 'NV001', 'B0001', 'KH001', 0, '2025-04-12', 'Chưa thanh toán'),
('HD008', 'NV001', 'B0001', 'KH001', 155000, '2025-04-13', 'Đã thanh toán'),
('HD015', 'NV001', 'B0001', 'KH001', 0, '2025-04-15', 'Chưa thanh toán'),
('HD016', 'NV001', 'B0001', 'KH003', 0, '2025-04-15', 'Chưa thanh toán'),
('HD017', 'NV001', 'B0001', 'KH001', 0, '2025-04-15', 'Chưa thanh toán'),
('HD018', 'NV001', 'B0001', 'KH003', 0, '2025-04-15', 'Chưa thanh toán');

-- --------------------------------------------------------

--
-- Cấu trúc bảng cho bảng `khachhang`
--

CREATE TABLE `khachhang` (
  `MAKH` varchar(5) NOT NULL,
  `TENKH` varchar(30) DEFAULT NULL,
  `SDT` char(10) DEFAULT NULL
) ENGINE=InnoDB DEFAULT CHARSET=utf8 COLLATE=utf8_vietnamese_ci;

--
-- Đang đổ dữ liệu cho bảng `khachhang`
--

INSERT INTO `khachhang` (`MAKH`, `TENKH`, `SDT`) VALUES
('KH001', 'Khách Hàng', ''),
('KH002', 'a', '1111111112'),
('KH003', 'Vũ', '1111111115');

-- --------------------------------------------------------

--
-- Cấu trúc bảng cho bảng `loai`
--

CREATE TABLE `loai` (
  `MALOAI` char(5) NOT NULL,
  `TENLOAI` varchar(50) DEFAULT NULL
) ENGINE=InnoDB DEFAULT CHARSET=utf8 COLLATE=utf8_vietnamese_ci;

--
-- Đang đổ dữ liệu cho bảng `loai`
--

INSERT INTO `loai` (`MALOAI`, `TENLOAI`) VALUES
('L0001', 'Cơm'),
('L0002', 'Bún'),
('L0003', 'Phở'),
('L0004', 'Canh'),
('L0005', 'Món tráng miệng'),
('L0006', 'Nước uống');

-- --------------------------------------------------------

--
-- Cấu trúc bảng cho bảng `mon`
--

CREATE TABLE `mon` (
  `MAMON` varchar(5) NOT NULL,
  `MALOAI` char(5) DEFAULT NULL,
  `MABUOI` char(5) DEFAULT NULL,
  `TENMON` varchar(30) DEFAULT NULL,
  `HINHANH` varchar(500) DEFAULT NULL,
  `DONGIA` float DEFAULT NULL,
  `THANHPHAN` varchar(100) DEFAULT NULL
) ENGINE=InnoDB DEFAULT CHARSET=utf8 COLLATE=utf8_vietnamese_ci;

--
-- Đang đổ dữ liệu cho bảng `mon`
--

INSERT INTO `mon` (`MAMON`, `MALOAI`, `MABUOI`, `TENMON`, `HINHANH`, `DONGIA`, `THANHPHAN`) VALUES
('M0001', 'L0001', 'B0001', 'Cơm gà', 'comga.png', 20000, 'Cơm nguội, trứng, cánh gà, cà rốt, cà chua'),
('M0002', 'L0001', 'B0002', 'Cơm sườn nướng', 'comsuonnuong.jpg', 25000, 'Cơm trắng, sườn heo nướng, dưa leo, cà chua'),
('M0003', 'L0001', 'B0001', 'Cơm chiên dương châu', 'comchienduongchau.jpg', 30000, 'Cơm, trứng, lạp xưởng, đậu Hà Lan, cà rốt'),
('M0004', 'L0002', 'B0003', 'Bún bò Huế', 'bunbohue.jpg', 35000, 'Bún, thịt bò, chả, rau thơm, nước dùng cay'),
('M0005', 'L0002', 'B0001', 'Bún riêu cua', 'bunrieucua.jpg', 30000, 'Bún, cua, cà chua, đậu hũ, rau muống'),
('M0006', 'L0003', 'B0002', 'Phở bò', 'phobo.jpg', 40000, 'Bánh phở, thịt bò, hành lá, rau thơm, nước dùng'),
('M0007', 'L0003', 'B0001', 'Phở gà', 'phoga.jpg', 35000, 'Bánh phở, thịt gà, hành lá, rau thơm, nước dùng'),
('M0008', 'L0004', 'B0003', 'Canh chua cá lóc', 'canhchuacaloc.jpg', 25000, 'Cá lóc, cà chua, dọc mùng, giá đỗ, me'),
('M0009', 'L0004', 'B0001', 'Canh rau muống', 'canhraumuong.jpg', 15000, 'Rau muống, tôm khô, tỏi, nước dùng'),
('M0010', 'L0005', 'B0004', 'Chè ba màu', 'chebamau.jpg', 20000, 'Đậu xanh, đậu đỏ, nước cốt dừa, đá'),
('M0011', 'L0005', 'B0004', 'Sữa chua mít', 'suachuamit.jpg', 15000, 'Sữa chua, mít, đá, đường'),
('M0012', 'L0006', 'B0001', 'Nước cam ép', 'nuoccamep.png', 20000, 'Cam tươi, đường, đá'),
('M0013', 'L0006', 'B0001', 'Trà sữa trân châu', 'trasuatranchau.jpg', 25000, 'Trà, sữa, trân châu, đường, đá'),
('M0014', 'L0001', 'B0003', 'Cơm tấm sài gòn', 'comtamsaigon.jpg', 30000, 'Cơm tấm, sườn nướng, trứng ốp la, chả'),
('M0015', 'L0002', 'B0004', 'Bún chả cá', 'bunchaca.jpg', 28000, 'Bún, chả cá, rau thơm, nước mắm'),
('M0016', 'L0003', 'B0003', 'Phở tái', 'photai.png', 38000, 'Bánh phở, thịt bò tái, rau thơm, nước dùng'),
('M0017', 'L0004', 'B0002', 'Canh bí đỏ', 'canhbido.jpg', 18000, 'Bí đỏ, tôm, hành lá, nước dùng'),
('M0018', 'L0005', 'B0004', 'Bánh flan', 'banhflan.jpg', 12000, 'Trứng, sữa, đường caramel'),
('M0019', 'L0006', 'B0001', 'Cà phê sữa đá', 'caphesuada.jpg', 18000, 'Cà phê, sữa đặc, đá'),
('M0020', 'L0001', 'B0001', 'Cơm chiên hải sản', 'comchienhaisan.jpg', 35000, 'Cơm, tôm, mực, đậu Hà Lan, cà rốt');

-- --------------------------------------------------------

--
-- Cấu trúc bảng cho bảng `ngay`
--

CREATE TABLE `ngay` (
  `DATE` date NOT NULL,
  `TIME` time NOT NULL
) ENGINE=InnoDB DEFAULT CHARSET=utf8 COLLATE=utf8_vietnamese_ci;

--
-- Đang đổ dữ liệu cho bảng `ngay`
--

INSERT INTO `ngay` (`DATE`, `TIME`) VALUES
('2025-03-01', '07:00:00'),
('2025-03-01', '09:00:00'),
('2025-03-01', '11:00:00'),
('2025-03-01', '13:00:00'),
('2025-03-01', '15:00:00'),
('2025-03-01', '17:00:00'),
('2025-03-01', '19:00:00'),
('2025-03-01', '21:00:00'),
('2025-03-02', '07:00:00'),
('2025-03-02', '09:00:00'),
('2025-03-02', '11:00:00'),
('2025-03-02', '13:00:00'),
('2025-03-02', '15:00:00'),
('2025-03-02', '17:00:00'),
('2025-03-02', '19:00:00'),
('2025-03-02', '21:00:00'),
('2025-03-03', '07:00:00'),
('2025-03-03', '09:00:00'),
('2025-03-03', '11:00:00'),
('2025-03-03', '13:00:00'),
('2025-03-03', '15:00:00'),
('2025-03-03', '17:00:00'),
('2025-03-03', '19:00:00'),
('2025-03-03', '21:00:00'),
('2025-03-04', '07:00:00'),
('2025-03-04', '09:00:00'),
('2025-03-04', '11:00:00'),
('2025-03-04', '13:00:00'),
('2025-03-04', '15:00:00'),
('2025-03-04', '17:00:00'),
('2025-03-04', '19:00:00'),
('2025-03-04', '21:00:00'),
('2025-03-05', '07:00:00'),
('2025-03-05', '09:00:00'),
('2025-03-05', '11:00:00'),
('2025-03-05', '13:00:00'),
('2025-03-05', '15:00:00'),
('2025-03-05', '17:00:00'),
('2025-03-05', '19:00:00'),
('2025-03-05', '21:00:00'),
('2025-03-06', '07:00:00'),
('2025-03-06', '09:00:00'),
('2025-03-06', '11:00:00'),
('2025-03-06', '13:00:00'),
('2025-03-06', '15:00:00'),
('2025-03-06', '17:00:00'),
('2025-03-06', '19:00:00'),
('2025-03-06', '21:00:00'),
('2025-03-07', '07:00:00'),
('2025-03-07', '09:00:00'),
('2025-03-07', '11:00:00'),
('2025-03-07', '13:00:00'),
('2025-03-07', '15:00:00'),
('2025-03-07', '17:00:00'),
('2025-03-07', '19:00:00'),
('2025-03-07', '21:00:00'),
('2025-03-08', '07:00:00'),
('2025-03-08', '09:00:00'),
('2025-03-08', '11:00:00'),
('2025-03-08', '13:00:00'),
('2025-03-08', '15:00:00'),
('2025-03-08', '17:00:00'),
('2025-03-08', '19:00:00'),
('2025-03-08', '21:00:00'),
('2025-03-09', '07:00:00'),
('2025-03-09', '09:00:00'),
('2025-03-09', '11:00:00'),
('2025-03-09', '13:00:00'),
('2025-03-09', '15:00:00'),
('2025-03-09', '17:00:00'),
('2025-03-09', '19:00:00'),
('2025-03-09', '21:00:00'),
('2025-03-10', '07:00:00'),
('2025-03-10', '09:00:00'),
('2025-03-10', '11:00:00'),
('2025-03-10', '13:00:00'),
('2025-03-10', '15:00:00'),
('2025-03-10', '17:00:00'),
('2025-03-10', '19:00:00'),
('2025-03-10', '21:00:00'),
('2025-03-11', '07:00:00'),
('2025-03-11', '09:00:00'),
('2025-03-11', '11:00:00'),
('2025-03-11', '13:00:00'),
('2025-03-11', '15:00:00'),
('2025-03-11', '17:00:00'),
('2025-03-11', '19:00:00'),
('2025-03-11', '21:00:00'),
('2025-03-12', '07:00:00'),
('2025-03-12', '09:00:00'),
('2025-03-12', '11:00:00'),
('2025-03-12', '13:00:00'),
('2025-03-12', '15:00:00'),
('2025-03-12', '17:00:00'),
('2025-03-12', '19:00:00'),
('2025-03-12', '21:00:00'),
('2025-03-13', '07:00:00'),
('2025-03-13', '09:00:00'),
('2025-03-13', '11:00:00'),
('2025-03-13', '13:00:00'),
('2025-03-13', '15:00:00'),
('2025-03-13', '17:00:00'),
('2025-03-13', '19:00:00'),
('2025-03-13', '21:00:00'),
('2025-03-14', '07:00:00'),
('2025-03-14', '09:00:00'),
('2025-03-14', '11:00:00'),
('2025-03-14', '13:00:00'),
('2025-03-14', '15:00:00'),
('2025-03-14', '17:00:00'),
('2025-03-14', '19:00:00'),
('2025-03-14', '21:00:00'),
('2025-03-15', '07:00:00'),
('2025-03-15', '09:00:00'),
('2025-03-15', '11:00:00'),
('2025-03-15', '13:00:00'),
('2025-03-15', '15:00:00'),
('2025-03-15', '17:00:00'),
('2025-03-15', '19:00:00'),
('2025-03-15', '21:00:00'),
('2025-03-16', '07:00:00'),
('2025-03-16', '09:00:00'),
('2025-03-16', '11:00:00'),
('2025-03-16', '13:00:00'),
('2025-03-16', '15:00:00'),
('2025-03-16', '17:00:00'),
('2025-03-16', '19:00:00'),
('2025-03-16', '21:00:00'),
('2025-03-17', '07:00:00'),
('2025-03-17', '09:00:00'),
('2025-03-17', '11:00:00'),
('2025-03-17', '13:00:00'),
('2025-03-17', '15:00:00'),
('2025-03-17', '17:00:00'),
('2025-03-17', '19:00:00'),
('2025-03-17', '21:00:00'),
('2025-03-18', '07:00:00'),
('2025-03-18', '09:00:00'),
('2025-03-18', '11:00:00'),
('2025-03-18', '13:00:00'),
('2025-03-18', '15:00:00'),
('2025-03-18', '17:00:00'),
('2025-03-18', '19:00:00'),
('2025-03-18', '21:00:00'),
('2025-03-19', '07:00:00'),
('2025-03-19', '09:00:00'),
('2025-03-19', '11:00:00'),
('2025-03-19', '13:00:00'),
('2025-03-19', '15:00:00'),
('2025-03-19', '17:00:00'),
('2025-03-19', '19:00:00'),
('2025-03-19', '21:00:00'),
('2025-03-20', '07:00:00'),
('2025-03-20', '09:00:00'),
('2025-03-20', '11:00:00'),
('2025-03-20', '13:00:00'),
('2025-03-20', '15:00:00'),
('2025-03-20', '17:00:00'),
('2025-03-20', '19:00:00'),
('2025-03-20', '21:00:00'),
('2025-03-21', '07:00:00'),
('2025-03-21', '09:00:00'),
('2025-03-21', '11:00:00'),
('2025-03-21', '13:00:00'),
('2025-03-21', '15:00:00'),
('2025-03-21', '17:00:00'),
('2025-03-21', '19:00:00'),
('2025-03-21', '21:00:00'),
('2025-03-22', '07:00:00'),
('2025-03-22', '09:00:00'),
('2025-03-22', '11:00:00'),
('2025-03-22', '13:00:00'),
('2025-03-22', '15:00:00'),
('2025-03-22', '17:00:00'),
('2025-03-22', '19:00:00'),
('2025-03-22', '21:00:00'),
('2025-03-23', '07:00:00'),
('2025-03-23', '09:00:00'),
('2025-03-23', '11:00:00'),
('2025-03-23', '13:00:00'),
('2025-03-23', '15:00:00'),
('2025-03-23', '17:00:00'),
('2025-03-23', '19:00:00'),
('2025-03-23', '21:00:00'),
('2025-03-24', '07:00:00'),
('2025-03-24', '09:00:00'),
('2025-03-24', '11:00:00'),
('2025-03-24', '13:00:00'),
('2025-03-24', '15:00:00'),
('2025-03-24', '17:00:00'),
('2025-03-24', '19:00:00'),
('2025-03-24', '21:00:00'),
('2025-03-25', '07:00:00'),
('2025-03-25', '09:00:00'),
('2025-03-25', '11:00:00'),
('2025-03-25', '13:00:00'),
('2025-03-25', '15:00:00'),
('2025-03-25', '17:00:00'),
('2025-03-25', '19:00:00'),
('2025-03-25', '21:00:00'),
('2025-03-26', '07:00:00'),
('2025-03-26', '09:00:00'),
('2025-03-26', '11:00:00'),
('2025-03-26', '13:00:00'),
('2025-03-26', '15:00:00'),
('2025-03-26', '17:00:00'),
('2025-03-26', '19:00:00'),
('2025-03-26', '21:00:00'),
('2025-03-27', '07:00:00'),
('2025-03-27', '09:00:00'),
('2025-03-27', '11:00:00'),
('2025-03-27', '13:00:00'),
('2025-03-27', '15:00:00'),
('2025-03-27', '17:00:00'),
('2025-03-27', '19:00:00'),
('2025-03-27', '21:00:00'),
('2025-03-28', '07:00:00'),
('2025-03-28', '09:00:00'),
('2025-03-28', '11:00:00'),
('2025-03-28', '13:00:00'),
('2025-03-28', '15:00:00'),
('2025-03-28', '17:00:00'),
('2025-03-28', '19:00:00'),
('2025-03-28', '21:00:00'),
('2025-03-29', '07:00:00'),
('2025-03-29', '09:00:00'),
('2025-03-29', '11:00:00'),
('2025-03-29', '13:00:00'),
('2025-03-29', '15:00:00'),
('2025-03-29', '17:00:00'),
('2025-03-29', '19:00:00'),
('2025-03-29', '21:00:00'),
('2025-03-30', '07:00:00'),
('2025-03-30', '09:00:00'),
('2025-03-30', '11:00:00'),
('2025-03-30', '13:00:00'),
('2025-03-30', '15:00:00'),
('2025-03-30', '17:00:00'),
('2025-03-30', '19:00:00'),
('2025-03-30', '21:00:00'),
('2025-03-31', '07:00:00'),
('2025-03-31', '09:00:00'),
('2025-03-31', '11:00:00'),
('2025-03-31', '13:00:00'),
('2025-03-31', '15:00:00'),
('2025-03-31', '17:00:00'),
('2025-03-31', '19:00:00'),
('2025-03-31', '21:00:00'),
('2025-04-01', '07:00:00'),
('2025-04-01', '09:00:00'),
('2025-04-01', '11:00:00'),
('2025-04-01', '13:00:00'),
('2025-04-01', '15:00:00'),
('2025-04-01', '17:00:00'),
('2025-04-01', '19:00:00'),
('2025-04-01', '21:00:00'),
('2025-04-02', '07:00:00'),
('2025-04-02', '09:00:00'),
('2025-04-02', '11:00:00'),
('2025-04-02', '13:00:00'),
('2025-04-02', '15:00:00'),
('2025-04-02', '17:00:00'),
('2025-04-02', '19:00:00'),
('2025-04-02', '21:00:00'),
('2025-04-03', '07:00:00'),
('2025-04-03', '09:00:00'),
('2025-04-03', '11:00:00'),
('2025-04-03', '13:00:00'),
('2025-04-03', '15:00:00'),
('2025-04-03', '17:00:00'),
('2025-04-03', '19:00:00'),
('2025-04-03', '21:00:00'),
('2025-04-04', '07:00:00'),
('2025-04-04', '09:00:00'),
('2025-04-04', '11:00:00'),
('2025-04-04', '13:00:00'),
('2025-04-04', '15:00:00'),
('2025-04-04', '17:00:00'),
('2025-04-04', '19:00:00'),
('2025-04-04', '21:00:00'),
('2025-04-05', '07:00:00'),
('2025-04-05', '09:00:00'),
('2025-04-05', '11:00:00'),
('2025-04-05', '13:00:00'),
('2025-04-05', '15:00:00'),
('2025-04-05', '17:00:00'),
('2025-04-05', '19:00:00'),
('2025-04-05', '21:00:00'),
('2025-04-06', '07:00:00'),
('2025-04-06', '09:00:00'),
('2025-04-06', '11:00:00'),
('2025-04-06', '13:00:00'),
('2025-04-06', '15:00:00'),
('2025-04-06', '17:00:00'),
('2025-04-06', '19:00:00'),
('2025-04-06', '21:00:00'),
('2025-04-07', '07:00:00'),
('2025-04-07', '09:00:00'),
('2025-04-07', '11:00:00'),
('2025-04-07', '13:00:00'),
('2025-04-07', '15:00:00'),
('2025-04-07', '17:00:00'),
('2025-04-07', '19:00:00'),
('2025-04-07', '21:00:00'),
('2025-04-08', '07:00:00'),
('2025-04-08', '09:00:00'),
('2025-04-08', '11:00:00'),
('2025-04-08', '13:00:00'),
('2025-04-08', '15:00:00'),
('2025-04-08', '17:00:00'),
('2025-04-08', '19:00:00'),
('2025-04-08', '21:00:00'),
('2025-04-09', '07:00:00'),
('2025-04-09', '09:00:00'),
('2025-04-09', '11:00:00'),
('2025-04-09', '13:00:00'),
('2025-04-09', '15:00:00'),
('2025-04-09', '17:00:00'),
('2025-04-09', '19:00:00'),
('2025-04-09', '21:00:00'),
('2025-04-10', '07:00:00'),
('2025-04-10', '09:00:00'),
('2025-04-10', '11:00:00'),
('2025-04-10', '13:00:00'),
('2025-04-10', '15:00:00'),
('2025-04-10', '17:00:00'),
('2025-04-10', '19:00:00'),
('2025-04-10', '21:00:00'),
('2025-04-11', '07:00:00'),
('2025-04-11', '09:00:00'),
('2025-04-11', '11:00:00'),
('2025-04-11', '13:00:00'),
('2025-04-11', '15:00:00'),
('2025-04-11', '17:00:00'),
('2025-04-11', '19:00:00'),
('2025-04-11', '21:00:00'),
('2025-04-12', '07:00:00'),
('2025-04-12', '09:00:00'),
('2025-04-12', '11:00:00'),
('2025-04-12', '13:00:00'),
('2025-04-12', '15:00:00'),
('2025-04-12', '17:00:00'),
('2025-04-12', '19:00:00'),
('2025-04-12', '21:00:00'),
('2025-04-13', '07:00:00'),
('2025-04-13', '09:00:00'),
('2025-04-13', '11:00:00'),
('2025-04-13', '13:00:00'),
('2025-04-13', '15:00:00'),
('2025-04-13', '17:00:00'),
('2025-04-13', '19:00:00'),
('2025-04-13', '21:00:00'),
('2025-04-14', '07:00:00'),
('2025-04-14', '09:00:00'),
('2025-04-14', '11:00:00'),
('2025-04-14', '13:00:00'),
('2025-04-14', '15:00:00'),
('2025-04-14', '17:00:00'),
('2025-04-14', '19:00:00'),
('2025-04-14', '21:00:00'),
('2025-04-15', '07:00:00'),
('2025-04-15', '09:00:00'),
('2025-04-15', '11:00:00'),
('2025-04-15', '13:00:00'),
('2025-04-15', '15:00:00'),
('2025-04-15', '17:00:00'),
('2025-04-15', '19:00:00'),
('2025-04-15', '21:00:00'),
('2025-04-16', '07:00:00'),
('2025-04-16', '09:00:00'),
('2025-04-16', '11:00:00'),
('2025-04-16', '13:00:00'),
('2025-04-16', '15:00:00'),
('2025-04-16', '17:00:00'),
('2025-04-16', '19:00:00'),
('2025-04-16', '21:00:00'),
('2025-04-17', '07:00:00'),
('2025-04-17', '09:00:00'),
('2025-04-17', '11:00:00'),
('2025-04-17', '13:00:00'),
('2025-04-17', '15:00:00'),
('2025-04-17', '17:00:00'),
('2025-04-17', '19:00:00'),
('2025-04-17', '21:00:00'),
('2025-04-18', '07:00:00'),
('2025-04-18', '09:00:00'),
('2025-04-18', '11:00:00'),
('2025-04-18', '13:00:00'),
('2025-04-18', '15:00:00'),
('2025-04-18', '17:00:00'),
('2025-04-18', '19:00:00'),
('2025-04-18', '21:00:00'),
('2025-04-19', '07:00:00'),
('2025-04-19', '09:00:00'),
('2025-04-19', '11:00:00'),
('2025-04-19', '13:00:00'),
('2025-04-19', '15:00:00'),
('2025-04-19', '17:00:00'),
('2025-04-19', '19:00:00'),
('2025-04-19', '21:00:00'),
('2025-04-20', '07:00:00'),
('2025-04-20', '09:00:00'),
('2025-04-20', '11:00:00'),
('2025-04-20', '13:00:00'),
('2025-04-20', '15:00:00'),
('2025-04-20', '17:00:00'),
('2025-04-20', '19:00:00'),
('2025-04-20', '21:00:00'),
('2025-04-21', '07:00:00'),
('2025-04-21', '09:00:00'),
('2025-04-21', '11:00:00'),
('2025-04-21', '13:00:00'),
('2025-04-21', '15:00:00'),
('2025-04-21', '17:00:00'),
('2025-04-21', '19:00:00'),
('2025-04-21', '21:00:00'),
('2025-04-22', '07:00:00'),
('2025-04-22', '09:00:00'),
('2025-04-22', '11:00:00'),
('2025-04-22', '13:00:00'),
('2025-04-22', '15:00:00'),
('2025-04-22', '17:00:00'),
('2025-04-22', '19:00:00'),
('2025-04-22', '21:00:00'),
('2025-04-23', '07:00:00'),
('2025-04-23', '09:00:00'),
('2025-04-23', '11:00:00'),
('2025-04-23', '13:00:00'),
('2025-04-23', '15:00:00'),
('2025-04-23', '17:00:00'),
('2025-04-23', '19:00:00'),
('2025-04-23', '21:00:00'),
('2025-04-24', '07:00:00'),
('2025-04-24', '09:00:00'),
('2025-04-24', '11:00:00'),
('2025-04-24', '13:00:00'),
('2025-04-24', '15:00:00'),
('2025-04-24', '17:00:00'),
('2025-04-24', '19:00:00'),
('2025-04-24', '21:00:00'),
('2025-04-25', '07:00:00'),
('2025-04-25', '09:00:00'),
('2025-04-25', '11:00:00'),
('2025-04-25', '13:00:00'),
('2025-04-25', '15:00:00'),
('2025-04-25', '17:00:00'),
('2025-04-25', '19:00:00'),
('2025-04-25', '21:00:00'),
('2025-04-26', '07:00:00'),
('2025-04-26', '09:00:00'),
('2025-04-26', '11:00:00'),
('2025-04-26', '13:00:00'),
('2025-04-26', '15:00:00'),
('2025-04-26', '17:00:00'),
('2025-04-26', '19:00:00'),
('2025-04-26', '21:00:00'),
('2025-04-27', '07:00:00'),
('2025-04-27', '09:00:00'),
('2025-04-27', '11:00:00'),
('2025-04-27', '13:00:00'),
('2025-04-27', '15:00:00'),
('2025-04-27', '17:00:00'),
('2025-04-27', '19:00:00'),
('2025-04-27', '21:00:00'),
('2025-04-28', '07:00:00'),
('2025-04-28', '09:00:00'),
('2025-04-28', '11:00:00'),
('2025-04-28', '13:00:00'),
('2025-04-28', '15:00:00'),
('2025-04-28', '17:00:00'),
('2025-04-28', '19:00:00'),
('2025-04-28', '21:00:00'),
('2025-04-29', '07:00:00'),
('2025-04-29', '09:00:00'),
('2025-04-29', '11:00:00'),
('2025-04-29', '13:00:00'),
('2025-04-29', '15:00:00'),
('2025-04-29', '17:00:00'),
('2025-04-29', '19:00:00'),
('2025-04-29', '21:00:00'),
('2025-04-30', '07:00:00'),
('2025-04-30', '09:00:00'),
('2025-04-30', '11:00:00'),
('2025-04-30', '13:00:00'),
('2025-04-30', '15:00:00'),
('2025-04-30', '17:00:00'),
('2025-04-30', '19:00:00'),
('2025-04-30', '21:00:00');

-- --------------------------------------------------------

--
-- Cấu trúc bảng cho bảng `nhanvien`
--

CREATE TABLE `nhanvien` (
  `MANV` varchar(5) NOT NULL,
  `HOTEN` varchar(30) DEFAULT NULL,
  `SDT` decimal(10,0) DEFAULT NULL,
  `EMAIL` varchar(50) DEFAULT NULL,
  `MATKHAU` varchar(32) DEFAULT NULL
) ENGINE=InnoDB DEFAULT CHARSET=utf8 COLLATE=utf8_vietnamese_ci;

--
-- Đang đổ dữ liệu cho bảng `nhanvien`
--

INSERT INTO `nhanvien` (`MANV`, `HOTEN`, `SDT`, `EMAIL`, `MATKHAU`) VALUES
('NV001', 'Vũ', 1234567891, 'vub2103485@student.ctu.edu.vn', 'fcea920f7412b5da7be0cf42b8c93759');

-- --------------------------------------------------------

--
-- Cấu trúc bảng cho bảng `trangthai`
--

CREATE TABLE `trangthai` (
  `MAHD` varchar(5) NOT NULL,
  `DATE` date NOT NULL,
  `TIME` time NOT NULL,
  `MABAN` varchar(5) NOT NULL,
  `TRANGTHAI` varchar(10) DEFAULT NULL
) ENGINE=InnoDB DEFAULT CHARSET=utf8 COLLATE=utf8_vietnamese_ci;

--
-- Chỉ mục cho các bảng đã đổ
--

--
-- Chỉ mục cho bảng `ban`
--
ALTER TABLE `ban`
  ADD PRIMARY KEY (`MABAN`);

--
-- Chỉ mục cho bảng `buoi`
--
ALTER TABLE `buoi`
  ADD PRIMARY KEY (`MABUOI`);

--
-- Chỉ mục cho bảng `chitiethoadon`
--
ALTER TABLE `chitiethoadon`
  ADD UNIQUE KEY `unique_mahd_mamon` (`MAHD`,`MAMON`),
  ADD KEY `FK_RELATIONSHIP_6` (`MAMON`);

--
-- Chỉ mục cho bảng `hoadon`
--
ALTER TABLE `hoadon`
  ADD PRIMARY KEY (`MAHD`),
  ADD KEY `FK_RELATIONSHIP_4` (`MANV`),
  ADD KEY `FK_RELATIONSHIP_7` (`MABAN`),
  ADD KEY `FK_RELATIONSHIP_8` (`MAKH`);

--
-- Chỉ mục cho bảng `khachhang`
--
ALTER TABLE `khachhang`
  ADD PRIMARY KEY (`MAKH`);

--
-- Chỉ mục cho bảng `loai`
--
ALTER TABLE `loai`
  ADD PRIMARY KEY (`MALOAI`);

--
-- Chỉ mục cho bảng `mon`
--
ALTER TABLE `mon`
  ADD PRIMARY KEY (`MAMON`),
  ADD KEY `FK_RELATIONSHIP_11` (`MALOAI`),
  ADD KEY `FK_RELATIONSHIP_12` (`MABUOI`);

--
-- Chỉ mục cho bảng `ngay`
--
ALTER TABLE `ngay`
  ADD PRIMARY KEY (`DATE`,`TIME`);

--
-- Chỉ mục cho bảng `nhanvien`
--
ALTER TABLE `nhanvien`
  ADD PRIMARY KEY (`MANV`);

--
-- Chỉ mục cho bảng `trangthai`
--
ALTER TABLE `trangthai`
  ADD PRIMARY KEY (`MAHD`,`DATE`,`TIME`,`MABAN`),
  ADD KEY `DATE` (`DATE`,`TIME`),
  ADD KEY `MABAN` (`MABAN`);

--
-- Các ràng buộc cho các bảng đã đổ
--

--
-- Các ràng buộc cho bảng `chitiethoadon`
--
ALTER TABLE `chitiethoadon`
  ADD CONSTRAINT `FK_RELATIONSHIP_1` FOREIGN KEY (`MAHD`) REFERENCES `hoadon` (`MAHD`),
  ADD CONSTRAINT `FK_RELATIONSHIP_6` FOREIGN KEY (`MAMON`) REFERENCES `mon` (`MAMON`);

--
-- Các ràng buộc cho bảng `hoadon`
--
ALTER TABLE `hoadon`
  ADD CONSTRAINT `FK_RELATIONSHIP_4` FOREIGN KEY (`MANV`) REFERENCES `nhanvien` (`MANV`),
  ADD CONSTRAINT `FK_RELATIONSHIP_7` FOREIGN KEY (`MABAN`) REFERENCES `ban` (`MABAN`),
  ADD CONSTRAINT `FK_RELATIONSHIP_8` FOREIGN KEY (`MAKH`) REFERENCES `khachhang` (`MAKH`);

--
-- Các ràng buộc cho bảng `mon`
--
ALTER TABLE `mon`
  ADD CONSTRAINT `FK_RELATIONSHIP_11` FOREIGN KEY (`MALOAI`) REFERENCES `loai` (`MALOAI`),
  ADD CONSTRAINT `FK_RELATIONSHIP_12` FOREIGN KEY (`MABUOI`) REFERENCES `buoi` (`MABUOI`);

--
-- Các ràng buộc cho bảng `trangthai`
--
ALTER TABLE `trangthai`
  ADD CONSTRAINT `trangthai_ibfk_2` FOREIGN KEY (`DATE`,`TIME`) REFERENCES `ngay` (`DATE`, `TIME`),
  ADD CONSTRAINT `trangthai_ibfk_3` FOREIGN KEY (`MABAN`) REFERENCES `ban` (`MABAN`);
COMMIT;

/*!40101 SET CHARACTER_SET_CLIENT=@OLD_CHARACTER_SET_CLIENT */;
/*!40101 SET CHARACTER_SET_RESULTS=@OLD_CHARACTER_SET_RESULTS */;
/*!40101 SET COLLATION_CONNECTION=@OLD_COLLATION_CONNECTION */;
